Estadística,Valor
count,11.0
mean,58963.706034410694
std,2643.107297447305
min,55743.55847255053
25%,57199.391166639325
50%,58209.00954757849
75%,61377.13894941846
max,63069.503840336605
