Estadística,Valor
count,11.0
mean,59121.17828996377
std,2626.500165975333
min,55743.55847255053
25%,57105.72789170011
50%,58325.957306313554
75%,61162.038190566214
max,63069.503840336605
